Year,,Month,Agriculture,,Forestry and logging,,"Fishing, aquaculture and agriculture, forestry and fishing support services",,Mining,,"Food, beverage, and tobacco manufacturing",," Textile, leather, clothing, and footwear manufacturing",,Wood and paper products manufacturing,,Printing,,"Petroleum, chemical, polymer, and rubber product manufacturing",,Non-metallic mineral product manufacturing,, Metal product manufacturing,,"Transport equipment, machinery and equipment manufacturing",,Furniture and other manufacturing,,Manufacturing,,"Electricity, gas, water, and waste services",,Construction,,Wholesale trade,,Retail trade,,Accommodation and food services,,"Transport, postal, and warehousing",,Information media and telecommunications,,Financial and insurance services,,"Rental, hiring, and real estate services",,Ownership of owner-occupied dwellings,,"Professional, scientific, and technical services",,Administrative and support services,,Local government administration,,"Central government administration, defence, and public safety",,Education and training,,Health care and social assistance,,Arts and recreation services,,Other services,,Unallocated industries,,Gross domestic product,
1987,,Jun,"1,594",,120,,201,,536,,"1,161",,346,,363,,216,,746,,175,,542,,920,,185,,"4,536",,"1,126",,"1,565",,"1,557",,"1,180",,701,,941,,433,,"1,487",,"1,765",,"1,975",,"1,805",,485,,191,,"1,192",,"1,440",,"1,284",,319,,473,,"1,789",,"28,008",
,,Sep,"1,654",,136,,200,,452,,"1,109",,332,,372,,225,,710,,187,,533,,907,,188,,"4,432",,"1,110",,"1,633",,"1,515",,"1,169",,701,,972,,448,,"1,500",,"1,800",,"1,997",,"1,882",,503,,193,,"1,186",,"1,443",,"1,280",,328,,467,,"1,745",,"28,160",
,,Dec,"1,733",,134,,207,,647,,"1,095",,294,,380,,223,,681,,188,,538,,928,,189,,"4,371",,"1,113",,"1,641",,"1,437",,"1,170",,692,,"1,015",,450,,"1,501",,"1,767",,"1,998",,"1,890",,518,,198,,"1,179",,"1,448",,"1,283",,341,,472,,"1,844",,"28,290",
1988,,Mar,"1,767",,129,,201,,665,,"1,141",,302,,356,,213,,712,,175,,521,,883,,186,,"4,373",,"1,121",,"1,661",,"1,521",,"1,160",,672,,"1,041",,449,,"1,478",,"1,735",,"1,978",,"1,882",,521,,201,,"1,177",,"1,454",,"1,266",,342,,465,,"1,722",,"28,181",
,,Jun,"1,698",,149,,231,,624,,"1,189",,294,,367,,215,,711,,184,,545,,854,,177,,"4,432",,"1,085",,"1,538",,"1,467",,"1,138",,659,,"1,058",,451,,"1,442",,"1,762",,"1,946",,"1,936",,533,,206,,"1,170",,"1,462",,"1,315",,335,,450,,"1,704",,"28,047",
,,Sep,"1,630",,155,,241,,588,,"1,120",,297,,359,,218,,740,,169,,554,,881,,175,,"4,402",,"1,088",,"1,539",,"1,520",,"1,162",,657,,"1,068",,450,,"1,436",,"1,762",,"1,916",,"1,910",,531,,212,,"1,146",,"1,471",,"1,325",,317,,455,,"1,724",,"28,111",
,,Dec,"1,520",,159,,237,,437,,"1,110",,301,,340,,209,,744,,161,,538,,849,,169,,"4,323",,"1,128",,"1,507",,"1,592",,"1,158",,653,,"1,051",,451,,"1,462",,"1,780",,"1,888",,"1,901",,531,,217,,"1,143",,"1,481",,"1,339",,315,,450,,"1,754",,"27,865",
1989,,Mar,"1,469",,170,,246,,665,,"1,105",,298,,342,,209,,804,,163,,560,,874,,160,,"4,419",,"1,094",,"1,522",,"1,668",,"1,165",,647,,"1,028",,458,,"1,455",,"1,765",,"1,862",,"1,949",,544,,221,,"1,158",,"1,493",,"1,366",,334,,469,,"1,836",,"28,221",
,,Jun,"1,405",,168,,242,,481,,"1,068",,314,,351,,214,,806,,167,,563,,903,,169,,"4,439",,"1,133",,"1,636",,"1,669",,"1,227",,655,,"1,032",,475,,"1,400",,"1,809",,"1,840",,"1,967",,539,,228,,"1,161",,"1,507",,"1,322",,319,,473,,"1,895",,"28,384",
,,Sep,"1,410",,175,,246,,535,,"1,054",,304,,353,,201,,788,,153,,561,,867,,162,,"4,340",,"1,143",,"1,605",,"1,574",,"1,140",,657,,"1,013",,474,,"1,370",,"1,812",,"1,833",,"1,961",,529,,231,,"1,193",,"1,520",,"1,338",,317,,461,,"1,824",,"28,065",
,,Dec,"1,420",,174,,242,,448,,"1,078",,289,,356,,202,,794,,151,,562,,860,,164,,"4,361",,"1,101",,"1,602",,"1,617",,"1,143",,638,,"1,024",,478,,"1,370",,"1,812",,"1,837",,"1,912",,519,,233,,"1,179",,"1,531",,"1,352",,304,,450,,"1,835",,"28,011",
1990,,Mar,"1,479",,181,,244,,471,,"1,039",,271,,365,,206,,801,,155,,551,,813,,163,,"4,284",,"1,156",,"1,492",,"1,639",,"1,151",,632,,"1,012",,481,,"1,353",,"1,811",,"1,857",,"1,909",,517,,233,,"1,197",,"1,542",,"1,363",,317,,469,,"1,859",,"27,963",
,,Jun,"1,618",,189,,237,,475,,"1,071",,248,,365,,202,,797,,150,,532,,785,,164,,"4,254",,"1,174",,"1,439",,"1,613",,"1,149",,618,,"1,020",,478,,"1,345",,"1,819",,"1,891",,"1,843",,503,,230,,"1,199",,"1,551",,"1,351",,313,,451,,"1,863",,"27,959",
,,Sep,"1,687",,191,,257,,579,,"1,116",,243,,362,,204,,785,,158,,499,,757,,157,,"4,247",,"1,204",,"1,325",,"1,644",,"1,143",,608,,"1,026",,482,,"1,363",,"1,783",,"1,923",,"1,889",,504,,227,,"1,196",,"1,563",,"1,365",,314,,446,,"1,866",,"28,214",
,,Dec,"1,776",,197,,249,,656,,"1,075",,258,,360,,197,,807,,149,,507,,766,,159,,"4,233",,"1,177",,"1,343",,"1,629",,"1,161",,615,,998,,479,,"1,379",,"1,756",,"1,944",,"1,873",,502,,223,,"1,224",,"1,579",,"1,395",,304,,454,,"1,862",,"28,544",
1991,,Mar,"1,770",,195,,241,,560,,"1,035",,288,,352,,194,,728,,138,,475,,732,,152,,"4,051",,"1,147",,"1,297",,"1,532",,"1,123",,603,,"1,009",,483,,"1,379",,"1,753",,"1,965",,"1,880",,512,,217,,"1,183",,"1,595",,"1,427",,330,,464,,"1,803",,"27,852",
,,Jun,"1,824",,193,,241,,596,,"1,025",,243,,350,,186,,725,,134,,448,,679,,152,,"3,920",,"1,177",,"1,176",,"1,489",,"1,115",,595,,"1,030",,484,,"1,386",,"1,774",,"1,979",,"1,875",,507,,207,,"1,170",,"1,618",,"1,396",,320,,448,,"1,783",,"27,663",
,,Sep,"1,791",,199,,238,,617,,"1,089",,269,,360,,189,,745,,131,,463,,686,,155,,"4,081",,"1,149",,"1,117",,"1,493",,"1,119",,585,,"1,019",,492,,"1,407",,"1,769",,"1,984",,"1,811",,498,,200,,"1,161",,"1,636",,"1,386",,322,,446,,"1,790",,"27,751",
,,Dec,"1,698",,199,,256,,563,,"1,117",,282,,370,,188,,756,,141,,471,,684,,154,,"4,167",,"1,178",,"1,113",,"1,497",,"1,108",,591,,"1,101",,501,,"1,425",,"1,770",,"1,979",,"1,800",,506,,192,,"1,179",,"1,652",,"1,402",,318,,440,,"1,806",,"27,931",
1992,,Mar,"1,647",,199,,267,,596,,"1,117",,263,,374,,200,,756,,141,,481,,706,,156,,"4,187",,"1,168",,"1,205",,"1,474",,"1,131",,611,,"1,044",,511,,"1,429",,"1,776",,"1,971",,"1,847",,513,,184,,"1,170",,"1,663",,"1,420",,330,,456,,"1,858",,"28,014",
,,Jun,"1,485",,196,,267,,675,,"1,123",,262,,373,,199,,807,,144,,494,,701,,156,,"4,254",,"1,139",,"1,128",,"1,559",,"1,126",,601,,"1,040",,513,,"1,438",,"1,782",,"1,954",,"1,845",,510,,172,,"1,185",,"1,673",,"1,410",,331,,437,,"1,810",,"28,016",
,,Sep,"1,401",,187,,266,,603,,"1,115",,269,,351,,174,,800,,142,,491,,702,,161,,"4,194",,"1,039",,"1,108",,"1,529",,"1,132",,620,,"1,077",,508,,"1,447",,"1,775",,"1,932",,"1,834",,508,,163,,"1,202",,"1,684",,"1,433",,333,,440,,"1,826",,"27,800",
,,Dec,"1,379",,202,,286,,540,,"1,090",,255,,393,,196,,813,,157,,505,,715,,167,,"4,269",,"1,180",,"1,135",,"1,517",,"1,147",,637,,"1,130",,523,,"1,436",,"1,789",,"1,936",,"1,856",,523,,162,,"1,204",,"1,699",,"1,445",,337,,455,,"1,850",,"28,151",
1993,,Mar,"1,441",,205,,290,,604,,"1,154",,270,,380,,187,,834,,159,,519,,715,,175,,"4,384",,"1,198",,"1,154",,"1,518",,"1,158",,629,,"1,160",,529,,"1,447",,"1,813",,"1,953",,"1,890",,538,,161,,"1,198",,"1,715",,"1,468",,363,,487,,"1,858",,"28,614",
,,Jun,"1,593",,210,,290,,623,,"1,145",,277,,396,,194,,847,,156,,553,,751,,172,,"4,469",,"1,184",,"1,202",,"1,579",,"1,179",,632,,"1,186",,534,,"1,477",,"1,831",,"1,973",,"1,908",,538,,166,,"1,217",,"1,736",,"1,464",,352,,489,,"1,897",,"29,247",
,,Sep,"1,746",,195,,284,,615,,"1,180",,282,,411,,193,,871,,164,,558,,752,,174,,"4,573",,"1,250",,"1,277",,"1,604",,"1,199",,644,,"1,184",,546,,"1,498",,"1,855",,"1,988",,"1,930",,547,,172,,"1,197",,"1,754",,"1,459",,365,,505,,"1,933",,"29,840",
,,Dec,"1,782",,195,,287,,674,,"1,176",,273,,419,,193,,883,,158,,557,,744,,172,,"4,568",,"1,159",,"1,248",,"1,596",,"1,213",,659,,"1,195",,551,,"1,500",,"1,883",,"1,993",,"2,004",,571,,169,,"1,212",,"1,773",,"1,479",,361,,523,,"1,974",,"30,118",
1994,,Mar,"1,792",,211,,289,,636,,"1,161",,284,,421,,208,,897,,158,,575,,763,,181,,"4,626",,"1,223",,"1,196",,"1,704",,"1,242",,668,,"1,258",,579,,"1,516",,"1,930",,"1,989",,"2,032",,593,,170,,"1,214",,"1,791",,"1,493",,406,,548,,"2,006",,"30,575",
,,Jun,"1,652",,210,,287,,609,,"1,192",,292,,417,,201,,926,,170,,571,,779,,186,,"4,715",,"1,180",,"1,313",,"1,684",,"1,276",,687,,"1,317",,595,,"1,513",,"1,895",,"1,978",,"1,981",,581,,162,,"1,209",,"1,809",,"1,473",,411,,526,,"2,065",,"30,778",
,,Sep,"1,755",,216,,285,,565,,"1,225",,281,,430,,209,,947,,175,,603,,841,,189,,"4,868",,"1,319",,"1,367",,"1,702",,"1,305",,704,,"1,282",,604,,"1,528",,"1,901",,"1,987",,"1,952",,574,,160,,"1,222",,"1,821",,"1,499",,411,,536,,"2,109",,"31,305",
,,Dec,"1,751",,213,,294,,569,,"1,232",,295,,445,,225,,959,,176,,614,,833,,188,,"4,938",,"1,264",,"1,384",,"1,740",,"1,313",,723,,"1,343",,627,,"1,573",,"1,900",,"2,023",,"1,985",,595,,160,,"1,195",,"1,828",,"1,519",,425,,542,,"2,143",,"31,721",
1995,,Mar,"1,721",,207,,309,,555,,"1,221",,283,,454,,213,,948,,193,,640,,866,,193,,"4,967",,"1,231",,"1,451",,"1,776",,"1,321",,714,,"1,387",,632,,"1,602",,"1,919",,"2,078",,"2,110",,627,,164,,"1,205",,"1,834",,"1,543",,441,,575,,"2,171",,"32,106",
,,Jun,"1,836",,213,,318,,531,,"1,243",,275,,443,,222,,905,,182,,619,,845,,187,,"4,887",,"1,339",,"1,508",,"1,842",,"1,328",,797,,"1,417",,646,,"1,594",,"1,962",,"2,051",,"2,046",,601,,168,,"1,209",,"1,841",,"1,564",,448,,571,,"2,173",,"32,516",
,,Sep,"1,807",,214,,323,,632,,"1,227",,268,,429,,224,,929,,185,,613,,824,,177,,"4,846",,"1,294",,"1,480",,"1,858",,"1,343",,721,,"1,474",,669,,"1,608",,"1,999",,"2,053",,"2,170",,631,,168,,"1,204",,"1,854",,"1,584",,467,,587,,"2,190",,"32,816",
,,Dec,"1,861",,213,,323,,573,,"1,278",,279,,422,,224,,879,,189,,607,,881,,178,,"4,893",,"1,319",,"1,526",,"1,832",,"1,346",,716,,"1,489",,674,,"1,617",,"2,042",,"2,056",,"2,170",,641,,168,,"1,222",,"1,867",,"1,605",,468,,594,,"2,213",,"33,036",
1996,,Mar,"1,930",,208,,339,,592,,"1,313",,282,,428,,220,,916,,189,,597,,864,,171,,"4,956",,"1,324",,"1,546",,"1,806",,"1,369",,727,,"1,538",,688,,"1,604",,"2,124",,"2,063",,"2,252",,659,,166,,"1,253",,"1,880",,"1,590",,480,,617,,"2,280",,"33,500",
,,Jun,"1,957",,196,,346,,612,,"1,295",,281,,454,,224,,903,,189,,615,,904,,179,,"5,009",,"1,266",,"1,598",,"1,820",,"1,382",,733,,"1,517",,701,,"1,614",,"2,091",,"2,064",,"2,302",,656,,172,,"1,254",,"1,894",,"1,596",,458,,613,,"2,321",,"33,798",
,,Sep,"2,063",,207,,342,,684,,"1,284",,299,,452,,226,,917,,185,,598,,890,,174,,"4,995",,"1,187",,"1,621",,"1,860",,"1,382",,748,,"1,520",,715,,"1,622",,"2,079",,"2,068",,"2,357",,664,,167,,"1,207",,"1,906",,"1,601",,485,,623,,"2,334",,"34,020",
,,Dec,"2,141",,201,,337,,766,,"1,291",,300,,441,,214,,927,,191,,604,,877,,168,,"4,987",,"1,264",,"1,654",,"1,855",,"1,397",,736,,"1,523",,723,,"1,648",,"2,135",,"2,077",,"2,446",,685,,167,,"1,229",,"1,917",,"1,614",,482,,615,,"2,352",,"34,465",
1997,,Mar,"2,200",,199,,321,,841,,"1,263",,291,,447,,222,,919,,186,,600,,843,,160,,"4,912",,"1,227",,"1,717",,"1,827",,"1,379",,733,,"1,482",,732,,"1,679",,"2,159",,"2,089",,"2,475",,685,,169,,"1,200",,"1,927",,"1,613",,482,,610,,"2,337",,"34,335",
,,Jun,"2,194",,220,,334,,801,,"1,348",,304,,439,,220,,940,,191,,633,,860,,165,,"5,083",,"1,195",,"1,695",,"1,913",,"1,415",,727,,"1,509",,756,,"1,693",,"2,149",,"2,105",,"2,447",,673,,169,,"1,225",,"1,934",,"1,691",,505,,645,,"2,389",,"35,008",
,,Sep,"2,150",,212,,313,,727,,"1,323",,286,,431,,224,,893,,197,,627,,832,,168,,"4,965",,"1,243",,"1,778",,"1,838",,"1,424",,734,,"1,519",,769,,"1,693",,"2,128",,"2,115",,"2,525",,696,,167,,"1,193",,"1,937",,"1,744",,519,,643,,"2,357",,"34,922",
,,Dec,"2,138",,208,,309,,702,,"1,310",,278,,427,,221,,917,,184,,633,,834,,172,,"4,955",,"1,267",,"1,711",,"1,884",,"1,429",,743,,"1,533",,765,,"1,687",,"2,129",,"2,125",,"2,453",,691,,165,,"1,187",,"1,936",,"1,749",,544,,661,,"2,370",,"34,854",
1998,,Mar,"2,035",,200,,314,,602,,"1,344",,264,,413,,206,,884,,192,,622,,879,,169,,"4,946",,"1,326",,"1,702",,"1,909",,"1,412",,745,,"1,500",,763,,"1,686",,"2,118",,"2,126",,"2,449",,694,,162,,"1,174",,"1,932",,"1,778",,529,,674,,"2,382",,"34,658",
,,Jun,"2,060",,193,,331,,698,,"1,314",,257,,386,,217,,896,,187,,608,,853,,157,,"4,846",,"1,329",,"1,725",,"1,859",,"1,404",,732,,"1,508",,787,,"1,707",,"2,120",,"2,112",,"2,445",,699,,164,,"1,152",,"1,924",,"1,815",,543,,691,,"2,397",,"34,829",
,,Sep,"1,968",,194,,341,,678,,"1,269",,267,,408,,200,,917,,175,,632,,837,,171,,"4,846",,"1,341",,"1,602",,"1,880",,"1,409",,716,,"1,521",,786,,"1,726",,"2,151",,"2,102",,"2,411",,694,,164,,"1,222",,"1,922",,"1,903",,559,,704,,"2,403",,"34,862",
,,Dec,"1,958",,213,,349,,714,,"1,282",,261,,420,,200,,891,,175,,614,,773,,183,,"4,791",,"1,307",,"1,662",,"1,993",,"1,443",,731,,"1,503",,816,,"1,756",,"2,213",,"2,106",,"2,535",,732,,162,,"1,175",,"1,925",,"1,939",,560,,721,,"2,464",,"35,215",
1999,,Mar,"1,911",,220,,358,,716,,"1,302",,273,,422,,193,,891,,181,,651,,852,,185,,"4,922",,"1,277",,"1,650",,"1,997",,"1,464",,742,,"1,570",,840,,"1,777",,"2,256",,"2,114",,"2,520",,726,,162,,"1,175",,"1,934",,"1,940",,578,,745,,"2,509",,"35,633",
,,Jun,"1,892",,213,,363,,676,,"1,263",,258,,439,,195,,893,,183,,665,,788,,189,,"4,849",,"1,303",,"1,713",,"2,032",,"1,489",,761,,"1,561",,851,,"1,797",,"2,274",,"2,126",,"2,585",,721,,161,,"1,158",,"1,947",,"1,939",,571,,733,,"2,529",,"35,928",
,,Sep,"2,015",,236,,380,,706,,"1,310",,246,,466,,207,,890,,188,,698,,834,,190,,"5,003",,"1,281",,"1,822",,"2,146",,"1,524",,785,,"1,588",,909,,"1,816",,"2,307",,"2,143",,"2,705",,750,,161,,"1,164",,"1,962",,"1,958",,588,,746,,"2,584",,"36,935",
,,Dec,"2,040",,227,,382,,657,,"1,330",,277,,489,,214,,915,,200,,725,,899,,183,,"5,196",,"1,250",,"1,896",,"2,172",,"1,538",,761,,"1,637",,963,,"1,842",,"2,334",,"2,156",,"2,710",,762,,161,,"1,176",,"1,977",,"1,972",,606,,748,,"2,596",,"37,387",
2000,,Mar,"2,082",,240,,371,,695,,"1,341",,267,,490,,209,,959,,199,,710,,857,,202,,"5,203",,"1,264",,"2,173",,"2,151",,"1,549",,764,,"1,633",,970,,"1,871",,"2,378",,"2,167",,"2,764",,783,,157,,"1,176",,"1,993",,"2,009",,596,,748,,"2,633",,"37,931",
,,Jun,"2,016",,245,,376,,653,,"1,335",,242,,498,,199,,968,,199,,688,,872,,196,,"5,166",,"1,299",,"1,892",,"2,392",,"1,536",,769,,"1,644",,"1,006",,"1,893",,"2,396",,"2,172",,"2,681",,773,,152,,"1,188",,"2,009",,"2,014",,582,,744,,"2,601",,"37,949",
,,Sep,"2,132",,239,,384,,678,,"1,362",,254,,482,,202,,962,,198,,702,,893,,187,,"5,210",,"1,287",,"1,870",,"2,265",,"1,556",,764,,"1,638",,"1,016",,"1,909",,"2,437",,"2,181",,"2,705",,789,,153,,"1,168",,"2,027",,"2,082",,579,,740,,"2,614",,"38,098",
,,Dec,"2,111",,242,,390,,710,,"1,389",,222,,479,,199,,961,,197,,726,,929,,198,,"5,258",,"1,279",,"1,786",,"2,248",,"1,561",,783,,"1,663",,"1,020",,"1,911",,"2,470",,"2,193",,"2,683",,797,,156,,"1,186",,"2,047",,"2,110",,600,,752,,"2,589",,"38,173",
2001,,Mar,"2,090",,247,,370,,685,,"1,333",,222,,485,,214,,966,,181,,665,,948,,179,,"5,148",,"1,261",,"1,766",,"2,282",,"1,562",,785,,"1,660",,"1,063",,"1,906",,"2,515",,"2,213",,"2,740",,808,,158,,"1,210",,"2,069",,"2,118",,619,,771,,"2,594",,"38,306",
,,Jun,"2,065",,254,,388,,661,,"1,428",,242,,468,,218,,959,,197,,731,,936,,195,,"5,333",,"1,266",,"1,869",,"2,328",,"1,585",,790,,"1,709",,"1,076",,"1,906",,"2,559",,"2,227",,"2,813",,815,,159,,"1,222",,"2,093",,"2,089",,632,,786,,"2,657",,"38,851",
,,Sep,"2,026",,265,,386,,675,,"1,386",,222,,466,,213,,984,,203,,731,,929,,185,,"5,268",,"1,195",,"1,854",,"2,464",,"1,593",,797,,"1,726",,"1,086",,"1,919",,"2,624",,"2,244",,"2,882",,834,,159,,"1,192",,"2,118",,"2,120",,640,,807,,"2,667",,"39,147",
,,Dec,"1,986",,266,,380,,635,,"1,370",,208,,479,,211,,989,,189,,759,,906,,184,,"5,246",,"1,224",,"1,984",,"2,505",,"1,618",,803,,"1,692",,"1,100",,"1,924",,"2,660",,"2,270",,"3,020",,877,,160,,"1,200",,"2,147",,"2,145",,662,,824,,"2,733",,"39,728",
2002,,Mar,"2,009",,260,,396,,594,,"1,362",,218,,474,,209,,967,,196,,768,,896,,188,,"5,229",,"1,269",,"1,900",,"2,516",,"1,655",,814,,"1,788",,"1,117",,"1,926",,"2,732",,"2,295",,"3,052",,893,,161,,"1,219",,"2,177",,"2,142",,678,,830,,"2,748",,"40,082",
,,Jun,"1,991",,271,,382,,695,,"1,411",,228,,524,,209,,"1,030",,205,,791,,945,,199,,"5,493",,"1,277",,"1,925",,"2,540",,"1,681",,822,,"1,751",,"1,132",,"1,949",,"2,832",,"2,314",,"3,094",,898,,161,,"1,259",,"2,209",,"2,139",,676,,842,,"2,783",,"40,610",
,,Sep,"1,943",,278,,381,,646,,"1,657",,235,,517,,206,,967,,209,,790,,943,,210,,"5,743",,"1,325",,"2,054",,"2,292",,"1,690",,836,,"1,788",,"1,146",,"1,975",,"2,845",,"2,340",,"3,072",,901,,164,,"1,274",,"2,236",,"2,163",,689,,850,,"2,883",,"41,086",
,,Dec,"1,992",,283,,381,,655,,"1,741",,231,,495,,211,,951,,213,,812,,930,,198,,"5,803",,"1,353",,"2,095",,"2,155",,"1,695",,842,,"1,816",,"1,157",,"2,000",,"2,868",,"2,366",,"3,103",,926,,164,,"1,262",,"2,256",,"2,172",,695,,855,,"2,930",,"41,633",
2003,,Mar,"2,039",,271,,371,,637,,"1,750",,231,,495,,209,,909,,226,,851,,946,,199,,"5,821",,"1,319",,"2,136",,"2,138",,"1,701",,846,,"1,810",,"1,188",,"2,039",,"2,908",,"2,390",,"3,170",,941,,168,,"1,259",,"2,271",,"2,202",,714,,859,,"2,963",,"41,863",
,,Jun,"2,134",,265,,384,,579,,"1,699",,225,,483,,207,,897,,220,,862,,956,,199,,"5,733",,"1,285",,"2,119",,"2,178",,"1,731",,851,,"1,805",,"1,172",,"2,087",,"2,957",,"2,414",,"3,149",,929,,173,,"1,270",,"2,281",,"2,255",,715,,871,,"3,028",,"42,046",
,,Sep,"2,304",,249,,409,,604,,"1,722",,218,,493,,220,,920,,228,,864,,944,,211,,"5,804",,"1,355",,"2,245",,"2,267",,"1,773",,854,,"1,806",,"1,225",,"2,132",,"3,008",,"2,439",,"3,151",,933,,173,,"1,306",,"2,287",,"2,296",,710,,884,,"3,078",,"42,932",
,,Dec,"2,356",,240,,407,,529,,"1,773",,217,,501,,215,,922,,238,,867,,959,,209,,"5,887",,"1,386",,"2,249",,"2,342",,"1,824",,848,,"1,873",,"1,215",,"2,179",,"3,034",,"2,468",,"3,150",,945,,180,,"1,346",,"2,290",,"2,303",,742,,910,,"3,129",,"43,492",
2004,,Mar,"2,350",,257,,408,,578,,"1,801",,199,,533,,219,,957,,239,,898,,"1,026",,212,,"6,061",,"1,417",,"2,300",,"2,401",,"1,852",,862,,"1,902",,"1,220",,"2,243",,"3,042",,"2,492",,"3,194",,958,,178,,"1,364",,"2,289",,"2,366",,742,,935,,"3,201",,"44,234",
,,Jun,"2,302",,241,,420,,597,,"1,882",,208,,522,,227,,957,,248,,864,,979,,208,,"6,090",,"1,377",,"2,462",,"2,438",,"1,867",,877,,"1,946",,"1,229",,"2,282",,"3,060",,"2,520",,"3,180",,951,,180,,"1,408",,"2,284",,"2,349",,724,,934,,"3,235",,"44,616",
,,Sep,"2,176",,248,,399,,540,,"1,768",,219,,552,,216,,963,,254,,871,,"1,005",,208,,"6,047",,"1,375",,"2,476",,"2,483",,"1,931",,898,,"1,964",,"1,239",,"2,316",,"3,058",,"2,551",,"3,174",,955,,184,,"1,391",,"2,275",,"2,347",,717,,938,,"3,258",,"44,744",
,,Dec,"2,155",,244,,414,,557,,"1,752",,226,,555,,224,,971,,256,,863,,"1,016",,216,,"6,068",,"1,307",,"2,428",,"2,526",,"1,929",,906,,"1,988",,"1,260",,"2,351",,"3,133",,"2,581",,"3,248",,988,,182,,"1,414",,"2,261",,"2,387",,734,,940,,"3,266",,"44,901",
2005,,Mar,"2,219",,249,,438,,547,,"1,774",,222,,540,,223,,952,,251,,854,,"1,030",,209,,"6,045",,"1,339",,"2,459",,"2,528",,"1,956",,892,,"2,029",,"1,262",,"2,401",,"3,204",,"2,613",,"3,279",,999,,188,,"1,416",,"2,243",,"2,439",,729,,928,,"3,299",,"45,425",
,,Jun,"2,288",,246,,403,,585,,"1,822",,215,,565,,221,,967,,258,,865,,"1,035",,211,,"6,153",,"1,363",,"2,541",,"2,625",,"1,989",,914,,"2,067",,"1,262",,"2,419",,"3,240",,"2,636",,"3,342",,"1,014",,192,,"1,455",,"2,220",,"2,518",,706,,923,,"3,348",,"46,151",
,,Sep,"2,354",,243,,397,,574,,"1,929",,208,,524,,219,,976,,251,,858,,"1,050",,200,,"6,212",,"1,346",,"2,460",,"2,621",,"2,029",,918,,"2,069",,"1,271",,"2,443",,"3,264",,"2,657",,"3,366",,"1,028",,192,,"1,480",,"2,205",,"2,523",,713,,916,,"3,353",,"46,376",
,,Dec,"2,352",,246,,408,,572,,"1,796",,216,,534,,216,,956,,248,,853,,"1,006",,200,,"6,019",,"1,344",,"2,506",,"2,581",,"2,030",,931,,"2,000",,"1,278",,"2,465",,"3,286",,"2,684",,"3,381",,"1,038",,193,,"1,491",,"2,199",,"2,554",,729,,915,,"3,368",,"46,189",
2006,,Mar,"2,480",,244,,389,,595,,"1,870",,219,,539,,214,,934,,249,,848,,"1,006",,217,,"6,093",,"1,341",,"2,632",,"2,626",,"2,035",,936,,"1,992",,"1,275",,"2,492",,"3,306",,"2,717",,"3,412",,"1,040",,194,,"1,534",,"2,201",,"2,567",,763,,925,,"3,424",,"46,949",
,,Jun,"2,487",,254,,399,,545,,"1,903",,220,,531,,200,,922,,246,,812,,957,,200,,"6,002",,"1,429",,"2,564",,"2,601",,"2,058",,947,,"1,967",,"1,292",,"2,533",,"3,322",,"2,746",,"3,486",,"1,080",,197,,"1,533",,"2,212",,"2,622",,739,,888,,"3,402",,"47,163",
,,Sep,"2,426",,257,,435,,529,,"1,689",,218,,539,,207,,894,,260,,828,,967,,199,,"5,788",,"1,416",,"2,624",,"2,657",,"2,083",,950,,"1,980",,"1,321",,"2,569",,"3,410",,"2,787",,"3,532",,"1,099",,200,,"1,710",,"2,218",,"2,611",,717,,892,,"3,483",,"47,465",
,,Dec,"2,316",,269,,428,,587,,"1,812",,223,,536,,198,,949,,264,,813,,970,,199,,"5,972",,"1,464",,"2,691",,"2,659",,"2,142",,970,,"1,973",,"1,364",,"2,609",,"3,438",,"2,816",,"3,534",,"1,149",,207,,"1,746",,"2,219",,"2,642",,738,,908,,"3,546",,"47,884",
2007,,Mar,"2,164",,269,,442,,576,,"1,805",,221,,530,,201,,924,,269,,820,,990,,198,,"5,956",,"1,473",,"2,748",,"2,690",,"2,218",,988,,"1,996",,"1,378",,"2,640",,"3,514",,"2,854",,"3,602",,"1,130",,213,,"1,795",,"2,216",,"2,673",,717,,940,,"3,610",,"48,473",
,,Jun,"2,030",,268,,453,,627,,"1,780",,219,,547,,202,,915,,273,,836,,"1,074",,190,,"6,024",,"1,411",,"2,785",,"2,731",,"2,212",,970,,"2,010",,"1,399",,"2,646",,"3,421",,"2,877",,"3,680",,"1,138",,215,,"1,738",,"2,209",,"2,722",,734,,937,,"3,645",,"48,914",
,,Sep,"1,870",,264,,440,,955,,"1,866",,226,,537,,202,,923,,272,,782,,"1,037",,188,,"6,037",,"1,438",,"2,836",,"2,766",,"2,179",,976,,"2,027",,"1,418",,"2,650",,"3,347",,"2,898",,"3,738",,"1,134",,220,,"1,810",,"2,209",,"2,763",,728,,953,,"3,645",,"49,278",
,,Dec,"1,786",,265,,433,,"1,187",,"1,858",,210,,519,,204,,909,,280,,760,,"1,092",,185,,"6,016",,"1,436",,"2,897",,"2,792",,"2,156",,965,,"2,057",,"1,446",,"2,662",,"3,300",,"2,920",,"3,825",,"1,138",,219,,"1,856",,"2,217",,"2,781",,749,,966,,"3,653",,"49,359",
2008,,Mar,"1,733",,274,,428,,"1,160",,"1,811",,210,,523,,202,,920,,271,,748,,"1,033",,174,,"5,895",,"1,445",,"2,751",,"2,748",,"2,166",,974,,"2,114",,"1,468",,"2,656",,"3,228",,"2,946",,"3,817",,"1,087",,227,,"1,856",,"2,232",,"2,810",,733,,965,,"3,664",,"49,204",
,,Jun,"1,815",,250,,409,,"1,120",,"1,900",,210,,501,,199,,907,,274,,756,,999,,178,,"5,921",,"1,411",,"2,643",,"2,706",,"2,110",,961,,"2,112",,"1,458",,"2,656",,"3,235",,"2,967",,"3,813",,990,,229,,"1,950",,"2,256",,"2,863",,718,,966,,"3,594",,"49,056",
,,Sep,"2,074",,257,,384,,974,,"1,786",,205,,470,,184,,913,,248,,708,,997,,159,,"5,670",,"1,462",,"2,672",,"2,678",,"2,097",,952,,"2,075",,"1,458",,"2,664",,"3,236",,"2,987",,"3,774",,956,,234,,"1,908",,"2,274",,"2,867",,695,,952,,"3,578",,"48,889",
,,Dec,"2,150",,252,,385,,905,,"1,630",,203,,461,,173,,821,,242,,631,,918,,152,,"5,233",,"1,449",,"2,550",,"2,617",,"2,078",,938,,"2,042",,"1,454",,"2,699",,"3,268",,"3,003",,"3,820",,945,,239,,"1,952",,"2,286",,"2,903",,722,,953,,"3,558",,"48,561",
2009,,Mar,"2,180",,256,,381,,927,,"1,710",,174,,446,,166,,832,,229,,570,,838,,146,,"5,129",,"1,452",,"2,631",,"2,504",,"2,026",,921,,"1,939",,"1,470",,"2,744",,"3,331",,"3,007",,"3,771",,907,,240,,"1,946",,"2,293",,"2,908",,680,,926,,"3,471",,"48,072",
,,Jun,"2,205",,270,,363,,939,,"1,503",,187,,451,,170,,809,,210,,565,,814,,148,,"4,833",,"1,515",,"2,616",,"2,471",,"2,041",,934,,"1,928",,"1,489",,"2,767",,"3,367",,"3,015",,"3,707",,888,,246,,"1,928",,"2,295",,"2,974",,719,,932,,"3,543",,"48,046",
,,Sep,"2,158",,280,,361,,"1,138",,"1,625",,172,,487,,167,,800,,216,,588,,854,,153,,"5,065",,"1,484",,"2,605",,"2,441",,"2,063",,934,,"1,938",,"1,484",,"2,782",,"3,358",,"3,031",,"3,664",,902,,246,,"1,881",,"2,298",,"3,010",,676,,920,,"3,564",,"48,284",
,,Dec,"2,174",,281,,343,,"1,014",,"1,922",,179,,502,,176,,819,,215,,616,,906,,151,,"5,554",,"1,534",,"2,635",,"2,461",,"2,088",,953,,"2,001",,"1,459",,"2,790",,"3,346",,"3,057",,"3,634",,917,,249,,"1,993",,"2,302",,"2,981",,733,,914,,"3,528",,"48,897",
2010,,Mar,"2,128",,296,,327,,"1,037",,"1,791",,189,,511,,178,,845,,218,,623,,943,,154,,"5,473",,"1,537",,"2,606",,"2,497",,"2,100",,968,,"2,058",,"1,479",,"2,781",,"3,343",,"3,089",,"3,741",,927,,245,,"1,942",,"2,308",,"2,992",,741,,944,,"3,552",,"49,058",
,,Jun,"1,912",,301,,342,,"1,049",,"1,790",,189,,518,,175,,863,,216,,606,,918,,150,,"5,446",,"1,563",,"2,686",,"2,549",,"2,120",,964,,"2,093",,"1,511",,"2,781",,"3,326",,"3,121",,"3,778",,"1,005",,249,,"1,957",,"2,316",,"2,990",,694,,916,,"3,634",,"49,405",
,,Sep,"1,895",,304,,344,,966,,"1,672",,188,,521,,173,,826,,210,,604,,895,,152,,"5,259",,"1,554",,"2,580",,"2,645",,"2,124",,967,,"2,169",,"1,536",,"2,788",,"3,356",,"3,154",,"3,895",,"1,008",,254,,"1,980",,"2,320",,"2,974",,686,,919,,"3,533",,"49,282",
,,Dec,"1,868",,317,,369,,925,,"1,629",,182,,487,,177,,925,,210,,627,,938,,155,,"5,346",,"1,549",,"2,574",,"2,652",,"2,088",,963,,"2,181",,"1,577",,"2,807",,"3,362",,"3,184",,"3,742",,997,,259,,"1,950",,"2,321",,"2,988",,689,,903,,"3,597",,"49,026",
2011,,Mar,"1,938",,319,,383,,894,,"1,667",,182,,504,,147,,811,,216,,605,,"1,062",,146,,"5,354",,"1,563",,"2,531",,"2,658",,"2,132",,968,,"2,194",,"1,599",,"2,826",,"3,407",,"3,226",,"3,854",,"1,030",,266,,"1,973",,"2,319",,"2,941",,688,,924,,"3,642",,"49,561",
,,Jun,"2,119",,321,,379,,826,,"1,752",,174,,503,,158,,838,,213,,599,,997,,146,,"5,399",,"1,555",,"2,538",,"2,742",,"2,151",,965,,"2,178",,"1,614",,"2,858",,"3,484",,"3,247",,"3,858",,"1,072",,255,,"1,967",,"2,314",,"2,956",,669,,943,,"3,573",,"49,812",
,,Sep,"2,106",,322,,386,,869,,"1,794",,169,,495,,159,,848,,216,,582,,980,,156,,"5,420",,"1,528",,"2,578",,"2,660",,"2,188",,"1,007",,"2,206",,"1,612",,"2,868",,"3,514",,"3,278",,"3,878",,"1,037",,265,,"1,973",,"2,312",,"3,016",,686,,950,,"3,688",,"50,325",
,,Dec,"2,169",,314,,377,,839,,"1,630",,155,,501,,153,,876,,200,,572,,918,,143,,"5,169",,"1,503",,"2,645",,"2,693",,"2,226",,"1,015",,"2,197",,"1,624",,"2,889",,"3,623",,"3,309",,"3,817",,"1,052",,258,,"1,946",,"2,312",,"3,035",,710,,957,,"3,697",,"50,614",
2012,,Mar,"2,281",,318,,383,,822,,"1,742",,153,,495,,165,,867,,208,,623,,932,,147,,"5,354",,"1,535",,"2,602",,"2,738",,"2,243",,999,,"2,205",,"1,616",,"2,899",,"3,588",,"3,346",,"3,805",,"1,069",,263,,"1,988",,"2,315",,"3,071",,704,,935,,"3,670",,"50,926",
,,Jun,"2,361",,341,,400,,838,,"1,735",,155,,490,,163,,874,,222,,615,,953,,149,,"5,377",,"1,544",,"2,590",,"2,756",,"2,262",,994,,"2,229",,"1,636",,"2,910",,"3,591",,"3,375",,"3,876",,"1,067",,264,,"1,940",,"2,319",,"3,118",,691,,916,,"3,737",,"51,098",
,,Sep,"2,305",,322,,403,,803,,"1,760",,160,,471,,164,,885,,220,,570,,940,,144,,"5,343",,"1,586",,"2,698",,"2,743",,"2,267",,993,,"2,203",,"1,689",,"2,932",,"3,627",,"3,402",,"3,910",,"1,004",,263,,"1,955",,"2,320",,"3,103",,695,,918,,"3,720",,"51,227",
,,Dec,"2,302",,352,,394,,781,R,"1,848",,172,,480,,152,,878,,233,,595,,911,,142,,"5,452",,"1,603",,"2,782",,"2,761",,"2,303",,"1,007",,"2,219",,"1,721",,"2,963",,"3,648",,"3,422",,"4,001",,"1,005",,268,,"1,980",,"2,318",,"3,124",,740,,929,,"3,773",,"52,014",
2013,,Mar,"2,193",,343,,404,,825,,"1,809",,167,,479,,151,,890,,232,,567,,904,,150,,"5,388",R,"1,577",,"2,824",,"2,789",,"2,325",,"1,020",,"2,197",,"1,751",,"2,991",,"3,632",,"3,444",,"3,947",,"1,046",,268,,"1,968",,"2,313",,"3,118",,714,,928,,"3,803",,"51,851",
,,Jun,"2,036",,350,,415,,864,,"1,794",R,166,,483,,146,,904,,239,,579,,916,,149,,"5,412",,"1,551",,"2,840",,"2,774",,"2,363",,"1,041",,"2,213",,"1,795",,"3,036",,"3,688",,"3,493",,"4,147",,"1,072",,271,,"2,034",,"2,304",,"3,134",,679,,939,,"3,837",,"52,460",
,,Sep,"2,261",,370,,437,,765,,"1,781",,167,,494,,152,,913,,248,,596,,896,,151,,"5,431",,"1,544",,"2,804",,"2,800",,"2,384",,"1,043",,"2,230",,"1,854",,"3,050",,"3,726",,"3,542",,"4,174",,"1,013",,273,,"2,019",,"2,299",,"3,172",,709,,943,,"3,866",,"52,761",
,,Dec,"2,195",,361,,456,,793,,"1,765",R,166,,486,,160,,893,,260,,598,,939,,153,,"5,448",R,"1,587",,"2,830",,"2,855",,"2,401",,"1,034",,"2,273",,"1,863",,"3,061",,"3,697",,"3,577",,"4,199",,"1,018",,277,,"2,018",,"2,297",,"3,198",,685,,947,R,"3,888",,"52,888",
2014,,Mar,"2,246",,359,,462,,906,,"1,789",R,163,,476,,161,,917,,272,,618,,926,,156,,"5,511",,"1,587",,"2,987",R,"2,851",,"2,416",,"1,051",,"2,314",,"1,909",,"3,057",,"3,680",,"3,614",,"4,245",,"1,020",,276,,"2,026",,"2,299",,"3,200",,700,,977,,"3,926",,"53,681",
,,Jun,"2,226",,359,,460,,871,,"1,813",,170,,477,,165,,907,,265,,615,,954,,154,,"5,551",R,"1,586",,"3,069",,"2,918",,"2,443",,"1,087",,"2,392",,"1,915",,"3,083",,"3,628",,"3,655",,"4,287",,"1,093",,280,,"2,060",,"2,304",,"3,227",,711,,989,,"3,964",,"53,958",
,,Sep,"2,321",,344,,460,R,911,R,"1,750",R,175,,500,,157,,894,,277,,637,,979,,149,,"5,538",R,"1,618",,"3,139",,"2,890",,"2,490",,"1,106",,"2,362",,"1,984",,"3,102",,"3,628",,"3,704",,"4,289",,"1,026",,285,,"2,078",,"2,309",,"3,282",,727,,992,,"4,050",,"54,643",
,,Dec,"2,359",,360,,471,,882,,"1,785",R,165,,479,,165,,921,,272,,633,,991,R,152,,"5,591",R,"1,621",,"3,071",,"2,904",,"2,536",,"1,141",,"2,422",,"2,045",,"3,168",,"3,703",,"3,755",,"4,345",,"1,049",,287,,"2,109",,"2,314",,"3,281",,738,,"1,004",,"4,074",,"55,529",
2015,,Mar,"2,328",,369,,472,,822,,"1,783",R,166,,490,,156,,934,,279,,638,,955,,157,,"5,586",R,"1,629",R,"3,184",,"2,857",,"2,573",,"1,163",,"2,496",,"2,056",,"3,153",,"3,743",,"3,773",,"4,352",,"1,100",,282,,"2,096",,"2,319",,"3,273",,770,,"1,016",,"4,140",,"55,707",
,,Jun,"2,351",,340,,486,,889,R,"1,727",R,164,,501,,149,,933,,275,,647,,964,,149,,"5,523",R,"1,666",R,"3,240",,"2,839",R,"2,588",,"1,149",,"2,482",,"2,157",,"3,158",,"3,794",,"3,828",,"4,394",,"1,138",,291,,"2,116",R,"2,324",,"3,302",,767,,969,,"4,179",,"56,114",
,,Sep,"2,389",,334,,470,R,868,,"1,845",R,159,,500,,150,,906,,272,,651,,983,R,162,,"5,664",R,"1,677",,"3,282",,"2,881",,"2,635",,"1,174",,"2,533",,"2,158",,"3,186",,"3,882",,"3,886",,"4,502",,"1,106",,290,,"2,135",,"2,330",,"3,277",,761,,964,,"4,257",,"56,709",
,,Dec,"2,391",,343,,482,,821,R,"1,913",R,163,,526,,143,,928,,288,,653,,"1,010",,161,,"5,824",R,"1,690",,"3,360",,"2,885",,"2,671",,"1,198",,"2,545",,"2,183",,"3,220",,"3,922",,"3,912",,"4,584",,"1,117",,291,,"2,171",,"2,335",,"3,311",,803,,972,,"4,322",,"57,304",
2016,,Mar,"2,404",,357,,492,,765,R,"1,846",R,166,,521,,148,,941,,276,,649,,"1,017",,157,,"5,749",R,"1,701",R,"3,497",,"2,884",R,"2,708",,"1,212",,"2,603",,"2,172",,"3,217",,"4,025",,"3,939",,"4,664",,"1,189",,296,,"2,174",,"2,341",,"3,385",,782,,979,,"4,372",,"57,970",
,,Jun,"2,436",,349,,493,,733,R,"1,775",R,150,,529,,157,,924,,290,,659,,"1,026",,172,,"5,685",R,"1,688",R,"3,552",,"2,912",R,"2,754",,"1,217",,"2,578",,"2,132",,"3,246",,"4,059",,"4,009",,"4,758",,"1,184",,298,,"2,161",R,"2,346",,"3,451",,775,,992,,"4,485",,"58,525",
,,Sep,"2,332",,372,,502,,715,R,"1,866",R,146,,526,,151,,"1,011",,279,,655,,"1,055",,176,,"5,898",R,"1,695",,"3,557",,"2,948",,"2,775",,"1,256",,"2,666",,"2,087",,"3,265",,"4,075",,"4,086",,"4,825",,"1,202",,303,,"2,185",,"2,352",,"3,462",,760,,"1,014",,"4,486",,"59,042",
,,Dec,"2,332",,349,,495,,711,R,"1,875",R,144,,517,,157,,"1,009",,274,,678,,"1,046",,182,,"5,917",R,"1,676",,"3,615",,"2,948",,"2,796",,"1,263",,"2,645",,"2,060",,"3,321",,"4,078",,"4,154",,"4,871",,"1,238",,304,,"2,190",R,"2,358",,"3,506",,824,,"1,068",,"4,509",,"59,263",R
2017,,Mar,"2,396",,357,,497,,702,R,"1,809",R,147,,526,,148,,985,,271,,668,R,"1,092",R,178,,"5,838",R,"1,691",R,"3,646",,"2,992",R,"2,856",,"1,294",,"2,614",,"2,061",R,"3,346",,"4,117",,"4,199",,"4,986",,"1,246",,307,,"2,217",,"2,365",,"3,545",,785,,"1,075",,"4,564",,"59,878",
,,Jun,"2,202",R,391,,514,R,725,R,"2,019",R,144,,524,,144,,"1,004",,270,R,667,,"1,055",,169,,"6,032",R,"1,662",R,"3,755",,"3,024",R,"2,877",,"1,340",,"2,682",,"2,067",R,"3,406",,"4,105",,"4,284",,"5,009",,"1,277",,309,,"2,267",R,"2,372",,"3,555",,790,,"1,067",,"4,586",,"60,529",R
,,Sep,"2,152",,394,,529,,751,R,"1,890",R,145,,538,,152,,993,R,281,,668,,"1,155",R,169,,"6,010",R,"1,649",,"3,962",R,"3,036",R,"2,904",,"1,324",,"2,705",,"2,091",R,"3,467",,"4,056",,"4,337",,"5,100",,"1,251",,309,,"2,264",,"2,378",,"3,601",,830,,"1,088",,"4,639",,"61,046",
,,Dec,"2,132",,413,,542,R,787,R,"1,790",R,166,,538,,148,R,996,R,286,,653,,"1,101",R,169,R,"5,864",R,"1,673",,"4,011",R,"3,118",R,"2,951",,"1,327",,"2,743",,"2,130",,"3,602",,"4,078",,"4,386",,"5,170",,"1,293",,309,,"2,292",,"2,382",,"3,597",,882,,"1,084",,"4,744",R,"61,562",
2018,,Mar,"2,193",R,399,,545,R,748,R,"1,832",R,148,,548,,151,,993,,275,,670,R,"1,174",R,176,,"5,977",R,"1,663",R,"3,976",R,"3,129",R,"2,968",R,"1,342",,"2,747",,"2,187",R,"3,587",,"4,102",,"4,440",,"5,190",R,"1,332",,317,,"2,332",,"2,386",,"3,609",,856,,"1,095",,"4,798",,"62,034",
,,Jun,"2,319",R,402,,537,,647,R,"1,913",R,156,,530,,150,R,970,,281,,677,R,"1,222",R,174,R,"6,085",R,"1,767",R,"3,969",,"3,178",R,"3,018",,"1,347",,"2,768",,"2,270",R,"3,639",,"4,117",,"4,477",,"5,266",R,"1,377",,322,,"2,339",R,"2,387",,"3,641",R,859,,"1,115",,"4,806",R,"62,726",R
,,Sep,"2,338",R,421,R,534,,708,R,"1,878",,153,,531,,147,,"1,025",,289,,684,,"1,165",R,161,,"6,050",R,"1,748",,"3,942",R,"3,194",R,"3,042",,"1,338",,"2,786",,"2,285",R,"3,622",,"4,112",,"4,515",,"5,192",,"1,344",,320,,"2,391",R,"2,388",,"3,670",,904,,"1,093",,"4,835",,"62,904",R
,,Dec,"2,370",R,417,,554,R,660,R,"1,926",R,157,,539,,147,,"1,012",,280,,681,,"1,160",R,175,,"6,098",R,"1,746",,"4,052",R,"3,199",R,"3,103",,"1,379",,"2,772",,"2,322",R,"3,682",,"4,068",R,"4,563",,"5,345",R,"1,373",,331,,"2,433",R,"2,388",,"3,697",R,877,,"1,090",,"4,890",R,"63,701",
2019,,Mar,"2,331",,427,,570,R,671,R,"1,958",,155,,525,R,151,R,"1,046",,293,,705,R,"1,136",R,172,R,"6,169",R,"1,762",R,"4,274",R,"3,211",R,"3,130",,"1,350",,"2,809",,"2,297",R,"3,665",,"4,097",,"4,644",,"5,350",,"1,341",,331,,"2,442",,"2,386",,"3,786",,838,,"1,112",,"4,916",R,"64,066",R
,,Jun,"2,285",R,414,,565,R,655,R,"1,885",R,157,,536,R,148,,"1,019",R,285,,691,,"1,137",R,173,,"6,048",R,"1,780",R,"4,305",R,"3,227",R,"3,135",,"1,354",,"2,882",,"2,302",R,"3,737",R,"4,152",,"4,671",,"5,392",R,"1,363",,332,,"2,498",,"2,383",,"3,790",R,874,,"1,126",,"4,899",R,"64,412",R
,,Sep,"2,274",R,406,,555,R,664,,"1,890",,153,,533,,149,,"1,000",R,276,,696,R,"1,172",R,188,,"6,072",R,"1,767",,"4,403",R,"3,235",R,"3,200",,"1,370",,"2,839",,"2,330",R,"3,733",,"4,149",R,"4,721",,"5,600",,"1,327",,341,,"2,513",R,"2,381",,"3,811",,908,,"1,133",,"4,980",R,"64,948",R
,,Dec,"2,259",R,393,,562,R,662,R,"1,895",R,148,R,518,R,148,,"1,004",R,273,R,684,,"1,193",R,182,,"6,062",R,"1,776",R,"4,434",R,"3,245",R,"3,226",,"1,373",,"2,896",,"2,329",,"3,725",R,"4,168",R,"4,765",,"5,613",,"1,346",,349,,"2,602",R,"2,378",,"3,835",R,952,,"1,128",,"5,036",R,"65,160",R
2020,,Mar,"2,247",,383,R,572,R,690,R,"1,888",R,122,,540,R,142,R,994,R,273,,660,R,"1,124",R,178,,"5,950",R,"1,769",R,"4,231",R,"3,214",R,"3,262",,"1,233",R,"2,693",,"2,369",R,"3,656",R,"4,144",R,"4,795",,"5,727",,"1,326",,355,R,"2,592",R,"2,363",,"3,885",,885,,"1,105",R,"4,986",R,"64,413",R
,,Jun,"2,226",R,329,,575,R,491,R,"1,809",R,97,,432,R,109,R,875,R,207,R,520,R,959,R,146,R,"5,244",R,"1,663",R,"3,141",R,"2,827",R,"2,822",R,776,R,"1,980",,"2,244",R,"3,660",,"3,968",R,"4,825",,"5,333",R,912,R,362,R,"2,628",R,"2,183",,"3,735",R,573,,927,R,"4,188",R,"57,718",R
,,Sep,"2,368",R,415,,616,R,571,,"2,006",,163,R,550,,131,,974,,296,,687,R,"1,125",R,214,,"6,180",R,"1,745",R,"4,745",R,"3,367",R,"3,548",,"1,431",R,"2,252",,"2,393",R,"3,683",R,"4,312",,"4,869",,"5,657",R,"1,094",R,360,R,"2,676",,"2,307",,"3,964",,841,,"1,111",R,"4,940",R,"65,611",R
,,Dec,"2,317",,424,,599,R,554,R,"1,962",R,135,,566,R,139,,962,R,287,,680,,"1,198",R,186,R,"6,138",R,"1,755",R,"4,353",R,"3,307",R,"3,451",R,"1,367",,"2,382",R,"2,407",R,"3,689",,"4,335",R,"4,952",,"5,717",R,"1,135",R,359,R,"2,730",R,"2,323",,"4,010",R,877,,"1,172",,"4,908",R,"65,336",R
2021,,Mar,"2,355",R,432,R,608,R,549,R,"1,962",R,154,,573,R,139,R,923,,296,R,681,R,"1,294",R,196,R,"6,221",R,"1,726",,"4,681",R,"3,440",R,"3,553",,"1,341",R,"2,376",,"2,461",R,"3,628",R,"4,308",R,"4,997",,"5,837",R,"1,180",R,361,R,"2,757",R,"2,325",R,"4,102",R,841,,"1,185",R,"5,280",R,"66,463",R
,,Jun,"2,407",R,435,,688,R,568,R,"1,937",R,152,R,571,R,141,R,943,R,307,R,701,R,"1,292",R,207,R,"6,243",R,"1,784",R,"4,634",R,"3,516",R,"3,651",R,"1,619",R,"2,707",,"2,432",R,"3,632",R,"4,310",,"5,035",,"6,042",R,"1,234",R,359,R,"2,753",R,"2,305",R,"4,209",R,891,,"1,223",R,"5,145",R,"68,023",R
,,Sep,"2,289",R,406,,642,R,528,,"1,902",,132,,504,,132,,879,,242,,609,R,"1,179",R,182,R,"5,801",R,"1,792",R,"4,172",R,"3,463",,"3,366",,"1,243",R,"2,590",R,"2,392",,"3,649",R,"4,276",R,"5,102",,"6,049",R,"1,146",R,366,R,"2,788",R,"2,231",R,"4,223",R,748,,"1,069",,"4,880",R,"65,346",R
,,Dec,"2,232",R,414,R,643,R,572,R,"1,857",R,158,R,580,R,139,,902,R,311,R,710,R,"1,329",R,202,,"6,152",R,"1,806",R,"4,535",R,"3,631",R,"3,723",,"1,208",R,"2,561",R,"2,443",R,"3,632",R,"4,292",R,"5,156",R,"6,577",R,"1,172",R,369,R,"2,809",R,"2,177",R,"4,391",R,729,,"1,156",R,"5,060",R,"67,319",R
2022,,Mar,"2,254",R,410,R,611,R,521,R,"1,825",R,142,,560,R,139,R,912,R,312,R,708,R,"1,285",R,205,R,"6,057",R,"1,805",R,"4,595",R,"3,687",R,"3,635",R,"1,201",R,"2,505",R,"2,414",R,"3,584",R,"4,293",R,"5,202",R,"6,497",R,"1,242",R,369,R,"2,809",R,"2,260",R,"4,418",R,730,,"1,157",R,"5,108",R,"67,160",R
,,Jun,"2,258",,407,,658,,480,,"1,881",,151,,553,,147,,544,,306,,693,,"1,268",,193,,"5,702",,"1,805",,"4,486",,"3,748",,"3,499",,"1,561",,"2,998",,"2,405",,"3,650",,"4,288",,"5,214",,"6,524",,"1,301",,371,,"2,804",,"2,241",,"4,457",,875,,"1,176",,"5,206",,"68,311",